title,instructor,description,type,difficulty,num_reviews,rating,price,url
The Complete SQL Bootcamp 2022: Go from Zero to Hero,['Jose Portilla'],Become an expert at SQL!,business,All Levels,"(129,646)",4.7,True,https://www.udemy.com/course/the-complete-sql-bootcamp/
PMP Exam Prep Seminar - Complete Exam Coverage with 35 PDUs,['Joseph Phillips'],PMP Exam Prep Seminar - Earn 35 PDUs by completing the entire PMP course,business,All Levels,"(80,778)",4.6,True,https://www.udemy.com/course/pmp-pmbok6-35-pdus/
Tableau 2020 A-Z: Hands-On Tableau Training for Data Science,"['Kirill Eremenko', 'Ligency I Team', 'Ligency Team']",Learn Tableau 2020 for data science step by step. Real-life data analytics exercises & quizzes included. Learn by doing!,business,All Levels,"(77,941)",4.6,True,https://www.udemy.com/course/tableau10/
Agile Crash Course: Agile Project Management; Agile Delivery,['Mauricio Rubio - Agile Guru & Founder of AgileKB | AgileLee & Ureducation'],Get Agile Certified & Learn about the key and most important concepts and tools of Agile Project Management (Scrum),business,Beginner,"(60,768)",4.4,True,https://www.udemy.com/course/agile-crash-course/
Microsoft Power BI - A Complete Introduction [2022 EDITION],"['Manuel Lorenz', 'Academind by Maximilian Schwarzmüller', 'Maximilian Schwarzmüller']","Learn how to use Microsoft's Power BI Tools, including Power BI Desktop, Power BI Pro (Service) and PowerBI Developer",business,Beginner,"(56,806)",4.6,True,https://www.udemy.com/course/powerbi-complete-introduction/
Microsoft Power BI Desktop for Business Intelligence,"['Maven Analytics', 'Chris Dutton', 'Aaron Parry']",Master Power BI Desktop & learn advanced Power BI analysis & data visualization w/ a top Microsoft Power BI instructor,business,All Levels,"(56,517)",4.7,True,https://www.udemy.com/course/microsoft-power-bi-up-running-with-power-bi-desktop/
An Entire MBA in 1 Course:Award Winning Business School Prof,['Chris Haroun'],** #1 Best Selling Business Course! ** Everything You Need to Know About Business from Start-up to IPO,business,All Levels,"(51,523)",4.5,True,https://www.udemy.com/course/an-entire-mba-in-1-courseaward-winning-business-school-prof/
Leadership: Practical Leadership Skills,['Chris Croft'],Master leadership skills and leadership techniques with this highly practical advice and training,business,All Levels,"(46,924)",4.6,True,https://www.udemy.com/course/practical-leadership/
Write Better Emails: Tactics for Smarter Team Communication,['Hassan Osman'],How to improve your email writing skills to save time & improve communication with your team; easy business writing tips,business,All Levels,"(44,773)",4.6,True,https://www.udemy.com/course/write-better-emails/
Become a Product Manager | Learn the Skills & Get the Job,"['Cole Mercer', 'Evan Kimbrell']","The most complete course available on Product Management. 13+ hours of videos, activities, interviews, & more",business,All Levels,"(41,986)",4.6,True,https://www.udemy.com/course/become-a-product-manager-learn-the-skills-get-a-job/
SQL - MySQL for Data Analytics and Business Intelligence,['365 Careers'],"SQL that will get you hired – SQL for Business Analysis, Marketing, and Data Management",business,All Levels,"(37,532)",4.6,True,https://www.udemy.com/course/sql-mysql-for-data-analytics-and-business-intelligence/
The Business Intelligence Analyst Course 2022,['365 Careers'],"The skills you need to become a BI Analyst - Statistics, Database theory, SQL, Tableau – Everything is included",business,All Levels,"(36,582)",4.6,True,https://www.udemy.com/course/the-business-intelligence-analyst-course-2018/
Business Analysis Fundamentals,['The BA Guide | Jeremy Aschenbrenner'],"Set yourself up for success, learn the key business analysis concepts to thrive in your Business Analyst career",business,Beginner,"(36,211)",4.6,True,https://www.udemy.com/course/business-analysis-ba/
Agile Fundamentals: Including Scrum and Kanban - 2021,"['The BA Guide | Jeremy Aschenbrenner', 'Vivek & Pabitra Khattri']","Master Agile principles, values, approaches, & mindset to help organizations make changes faster and with less expense",business,All Levels,"(34,050)",4.5,True,https://www.udemy.com/course/agile-fundamentals-scrum-kanban-scrumban/
Emotional Intelligence at Work: Learn from Your Emotions,['Leila Bulling Towne'],"Master EQ to identify emotions in yourself and others, manage your emotions, and improve your relationships at work.",business,Beginner,"(33,729)",4.5,True,https://www.udemy.com/course/emotional-intelligence-at-work-learn-from-your-emotions/
Communication Fundamentals: How To Communicate Better,"['Life Progression Project', 'Lorraine Wiseman']",Become an Effective Communicator And Learn How to Get Your Message Across By Learning Communication Fundamentals,business,All Levels,"(31,310)",4.4,True,https://www.udemy.com/course/communication-fundamentals-how-to-communicate-better/
The Ultimate Drawing Course - Beginner to Advanced,"['Jaysen Batchelor', 'Quinton Batchelor']","Learn the #1 most important building block of all art, Drawing. This course will teach you how to draw like a pro!",design,Beginner,"(113,030)",4.6,True,https://www.udemy.com/course/the-ultimate-drawing-course-beginner-to-advanced/
Character Art School: Complete Character Drawing Course,['Scott Harris'],"Learn How to Draw People and Character Drawings Professionally, Drawing for Animation, Comics, Cartoons, Games and More!",design,All Levels,"(60,120)",4.6,True,https://www.udemy.com/course/character-art-school-complete-character-drawing/
Complete Blender Creator: Learn 3D Modelling for Beginners,"['GameDev.tv Team', 'Rick Davidson', 'Grant Abbitt']","Use Blender to Create Beautiful 3D models for Video Games, 3D Printing & More. Beginners Level Course",design,All Levels,"(51,079)",4.7,True,https://www.udemy.com/course/blendertutorial/
Design Thinking in 3 Steps,"['Designit Strategic Design', 'Alan Cooper']","Understand your audience, envision a creative solution, and test your prototype",design,All Levels,"(42,256)",4.3,True,https://www.udemy.com/course/designit-design-thinking/
User Experience Design Essentials - Adobe XD UI UX Design,['Daniel Walter Scott'],"Use XD to get a job in UI Design, User Interface, User Experience design, UX design & Web Design",design,All Levels,"(38,982)",4.6,True,https://www.udemy.com/course/ui-ux-web-design-using-adobe-xd/
Graphic Design Masterclass - Learn GREAT Design,['Lindsay Marsh'],"The Ultimate Graphic Design Course Which Covers Photoshop, Illustrator, InDesign,Design Theory, Branding and Logo Design",design,Beginner,"(38,046)",4.7,True,https://www.udemy.com/course/graphic-design-masterclass-everything-you-need-to-know/
Illustrator 2022 MasterClass,['Martin Perhiniak'],Master Adobe Illustrator with this in-depth training for all levels.,design,All Levels,"(31,102)",4.6,True,https://www.udemy.com/course/illustrator-cc-masterclass/
Adobe After Effects: Complete Course from Novice to Expert,['Louay Zambarakji'],"Adobe After Effects CC Create stunning Motion Graphics, VFX Visual Effects & VFX Compositing with 50+ practice projects.",design,All Levels,"(27,288)",4.7,True,https://www.udemy.com/course/after-effects-kinetic-typography/
Ultimate Adobe Photoshop Training: From Beginner to Pro 2022,['Cristian Doru Barin'],Master Adobe Photoshop CC 2022 without any previous knowledge with this easy-to-follow course,design,All Levels,"(26,021)",4.7,True,https://www.udemy.com/course/ultimate-photoshop-training-from-beginner-to-pro/
Adobe Photoshop CC – Essentials Training Course,['Daniel Walter Scott'],This Adobe Photoshop Essentials course will teach you Photoshop Retouching as well as Photoshop for graphic design.,design,Beginner,"(25,362)",4.7,True,https://www.udemy.com/course/adobe-photoshop-cc-essentials-training-course/
Wordpress for Beginners - Master Wordpress Quickly,['Andrew Williams'],"In 2022, build a beautiful responsive Wordpress site that looks great on all devices.  No experience required.",design,Beginner,"(23,173)",4.6,True,https://www.udemy.com/course/wordpress-for-beginners-course/
Web Design for Beginners: Real World Coding in HTML & CSS,['Brad Schiff'],"Launch a career as a web designer by learning HTML5, CSS3, responsive design, Sass and more!",design,All Levels,"(20,654)",4.6,True,https://www.udemy.com/course/web-design-for-beginners-real-world-coding-in-html-css/
The complete AutoCAD 2018-21 course,['Jaiprakash Pandey'],A complete course for learning AutoCAD from scratch to professional level,design,Beginner,"(20,521)",4.6,True,https://www.udemy.com/course/autocad-2018-course/
Adobe Illustrator CC - Essentials Training Course,"['Video School', 'Phil Ebiner', 'Daniel Walter Scott']","Learn Adobe Illustrator CC graphic design, logo design, and more with this in-depth, practical, easy-to-follow course!",design,Beginner,"(20,312)",4.7,True,https://www.udemy.com/course/adobe-illustrator-course/
Adobe Photoshop CC: A Beginner to Advanced Photoshop Course,"['Phil Ebiner', 'Video School']","You can learn Adobe Photoshop CC. Graphic Design, Photo Editing & Retouching,  Learn it all with this Photoshop class.",design,Beginner,"(19,675)",4.7,True,https://www.udemy.com/course/adobe-photoshop-course/
"Graphic Design Bootcamp: Photoshop, Illustrator, InDesign",['Derrick Mitchell'],"Bestselling Beginner Course! Use Photoshop, Illustrator, & InDesign for logo design, web design, poster design, and more",design,Beginner,"(15,428)",4.4,True,https://www.udemy.com/course/graphic-design-for-beginners/
2022 Complete Python Bootcamp From Zero to Hero in Python,['Jose Portilla'],Learn Python like a Professional  Start from the basics and go all the way to creating your own applications and games,development,All Levels,"(412,149)",4.6,True,https://www.udemy.com/course/complete-python-bootcamp/
The Web Developer Bootcamp 2022,['Colt Steele'],"COMPLETELY REDONE - The only course you need to learn web development - HTML, CSS, JS, Node, and More!",development,All Levels,"(232,314)",4.7,True,https://www.udemy.com/course/the-web-developer-bootcamp/
The Complete 2022 Web Development Bootcamp,['Dr. Angela Yu'],"Become a Full-Stack Web Developer with just ONE course. HTML, CSS, Javascript, Node, React, MongoDB, Web3 and DApps",development,All Levels,"(182,822)",4.7,True,https://www.udemy.com/course/the-complete-web-development-bootcamp/
Angular - The Complete Guide (2022 Edition),['Maximilian Schwarzmüller'],"Master Angular 13 (formerly ""Angular 2"") and build awesome, reactive web apps with the successor of Angular.js",development,All Levels,"(163,193)",4.6,True,https://www.udemy.com/course/the-complete-guide-to-angular-2/
Java Programming Masterclass covering Java 11 & Java 17,"['Tim Buchalka', ""Tim Buchalka's Learn Programming Academy""]",Learn Java In This Course And Become a Computer Programmer. Obtain valuable Core Java Skills And Java Certification,development,All Levels,"(159,525)",4.6,True,https://www.udemy.com/course/java-the-complete-java-developer-course/
Machine Learning A-Z™: Hands-On Python & R In Data Science,"['Kirill Eremenko', 'Hadelin de Ponteves', 'Ligency I Team', 'SuperDataScience Support', 'Ligency Team']",Learn to create Machine Learning Algorithms in Python and R from two Data Science experts. Code templates included.,development,All Levels,"(157,643)",4.5,True,https://www.udemy.com/course/machinelearning/
"React - The Complete Guide (incl Hooks, React Router, Redux)","['Academind by Maximilian Schwarzmüller', 'Maximilian Schwarzmüller']","Dive in and learn React.js from scratch! Learn Reactjs, Hooks, Redux, React Routing, Animations, Next.js and way more!",development,All Levels,"(145,171)",4.6,True,https://www.udemy.com/course/react-the-complete-guide-incl-redux/
The Complete JavaScript Course 2022: From Zero to Expert!,['Jonas Schmedtmann'],"The modern JavaScript course for everyone! Master JavaScript with projects, challenges and theory. Many courses in one!",development,All Levels,"(134,910)",4.7,True,https://www.udemy.com/course/the-complete-javascript-course/
Python for Data Science and Machine Learning Bootcamp,['Jose Portilla'],"Learn how to use NumPy, Pandas, Seaborn , Matplotlib , Plotly , Scikit-Learn , Machine Learning, Tensorflow , and more!",development,All Levels,"(113,264)",4.6,True,https://www.udemy.com/course/python-for-data-science-and-machine-learning-bootcamp/
The Data Science Course 2022: Complete Data Science Bootcamp,"['365 Careers', '365 Careers Team']","Complete Data Science Training: Mathematics, Statistics, Python, Advanced Statistics in Python, Machine & Deep Learning",development,All Levels,"(105,776)",4.6,True,https://www.udemy.com/course/the-data-science-course-complete-data-science-bootcamp/
Automate the Boring Stuff with Python Programming,['Al Sweigart'],"A practical programming course for office workers, academics, and administrators who want to improve their productivity.",development,All Levels,"(99,493)",4.7,True,https://www.udemy.com/course/automate/
100 Days of Code: The Complete Python Pro Bootcamp for 2022,['Dr. Angela Yu'],"Master Python by building 100 projects in 100 days. Learn data science, automation, build websites, games and apps!",development,All Levels,"(98,189)",4.7,True,https://www.udemy.com/course/100-days-of-code/
Complete C# Unity Game Developer 2D,"['GameDev.tv Team', 'Rick Davidson', 'Gary Pettie']","Learn Unity in C# & Code Your First Five 2D Video Games for Web, Mac & PC. The Tutorials Cover Tilemap",development,All Levels,"(92,465)",4.7,True,https://www.udemy.com/course/unitycourse/
Learn Python Programming Masterclass,"['Tim Buchalka', 'Jean-Paul Roberts', ""Tim Buchalka's Learn Programming Academy""]",This Python For Beginners Course Teaches You The Python Language  Fast.  Includes Python Online Training With Python 3,development,All Levels,"(88,658)",4.6,True,https://www.udemy.com/course/python-the-complete-python-developer-course/
Selenium WebDriver with Java -Basics to Advanced+Frameworks,['Rahul Shetty'],"""TOP RATED (BEST SELLER) #1 Master SELENIUM java course"" -5 Million students learning worldWide with great collaboration",development,All Levels,"(78,483)",4.6,True,https://www.udemy.com/course/selenium-real-time-examplesinterview-questions/
Modern React with Redux,['Stephen Grider'],"Master React and Redux with React Router, Webpack, and Create-React-App.  Includes Hooks!",development,All Levels,"(74,460)",4.7,True,https://www.udemy.com/course/react-redux/
The Complete Financial Analyst Course 2022,['365 Careers'],"Excel, Accounting, Financial Statement Analysis, Business Analysis, Financial Math, PowerPoint: Everything is Included!",finance-and-accounting,All Levels,"(65,487)",4.6,True,https://www.udemy.com/course/the-complete-financial-analyst-course/
The Complete Foundation Stock Trading Course,"['Mohsen Hassan', 'bloom team']","Learn To Trade The Stock Market. #1 Trading course. Inc: Technical Analysis, Candlesticks, Stocks, Day Trading +++",finance-and-accounting,All Levels,"(42,830)",4.6,True,https://www.udemy.com/course/foundation-course/
Beginner to Pro in Excel: Financial Modeling and Valuation,['365 Careers'],Financial Modeling in Excel that would allow you to walk into a job and be a rockstar from day one!,finance-and-accounting,All Levels,"(39,870)",4.6,True,https://www.udemy.com/course/beginner-to-pro-in-excel-financial-modeling-and-valuation/
Blockchain and Bitcoin Fundamentals,['George Levy'],Learn the key elements of blockchain and Bitcoin in this bestselling video course and accompanying PDF glossary.,finance-and-accounting,Beginner,"(32,809)",4.6,True,https://www.udemy.com/course/blockchain-and-bitcoin-fundamentals/
Investing In Stocks  The Complete Course! (14 Hour),"['Steve Ballinger', 'MBA']",Master Stock Market Investing & Trading in the Stock Market. Top Instructor & Millionaire Investor. Investing & Trading,finance-and-accounting,All Levels,"(31,269)",4.5,True,https://www.udemy.com/course/investing-in-stocks/
The Complete Financial Analyst Training & Investing Course,['Chris Haroun'],"Succeed as a Financial Analyst &Investor by Award Winning MBA Prof who worked @Goldman, in Hedge Funds & Venture Capital",finance-and-accounting,All Levels,"(28,609)",4.5,True,https://www.udemy.com/course/the-complete-financial-analyst-training-and-investing-course/
The Complete Investment Banking Course 2022,['365 Careers'],"The #1 Course to Land a Job in Investment Banking. IPOs, Bonds, M&A, Trading, LBOs, Valuation: Everything  is included!",finance-and-accounting,All Levels,"(28,527)",4.5,True,https://www.udemy.com/course/the-complete-investment-banking-course-2016/
"Introduction to Finance, Accounting, Modeling and Valuation",['Chris Haroun'],"Learn Finance & Accounting from Scratch by an Award Winning MBA Professor, Ivy Grad, worked @ Goldman & VC",finance-and-accounting,All Levels,"(25,608)",4.5,True,https://www.udemy.com/course/introduction-to-accounting-finance-modeling-valuation-by-chris-haroun/
Python for Finance: Investment Fundamentals & Data Analytics,['365 Careers'],Learn Python Programming and Conduct Real-World Financial Analysis in Python - Complete Python Training,finance-and-accounting,All Levels,"(24,092)",4.6,True,https://www.udemy.com/course/python-for-finance-investment-fundamentals-data-analytics/
Forex Trading A-Z™ - With LIVE Examples of Forex Trading,"['Kirill Eremenko', 'ForexBoat Team']",Forex Trading - Beginners and Experienced - Learn trading by Doing! Live examples: Forex with Real Money in Metatrader 4,finance-and-accounting,Beginner,"(20,110)",4.6,True,https://www.udemy.com/course/forex-trading/
Cryptocurrency Investment Course 2022: Fund your Retirement!,['Suppoman ™'],"Complete A-Z Guide to Bitcoin, Blockchain, Ethereum, Altcoins, Metaverse, NFT, DeFi & Meme coins for your retirement!",finance-and-accounting,All Levels,"(19,027)",4.6,True,https://www.udemy.com/course/cryptocurrency/
Technical Analysis MasterClass:Trading By Technical Analysis,"['Jyoti Bansal (NCFM,NISM Certified Technical Analyst & Investment Adviser )', 'Jyoti Bansal Analysis']","Stock Market Technical Analysis Secrets for Forex , Stock Trading , Options , Swing Trading & Day Trading + ASSIGNMENTS",finance-and-accounting,All Levels,"(17,492)",4.5,True,https://www.udemy.com/course/technical_analysis/
The Complete Cryptocurrency Course: More than 5 Courses in 1,['Chris Haroun'],"Learn everything you need to know about cryptocurrency and blockchain, including investing, mining and much more!",finance-and-accounting,All Levels,"(15,103)",4.6,True,https://www.udemy.com/course/the-complete-cryptocurrency-course-more-than-5-courses-in-1/
Advanced Stock Trading Course + Strategies,"['Mohsen Hassan', 'bloom team']","Learn To Trade The Stock Market. For: Stocks, Day Trading, Swing Trading and Financial Trading",finance-and-accounting,All Levels,"(11,881)",4.5,True,https://www.udemy.com/course/advanced-course-plus-strategies/
The Complete Foundation FOREX Trading Course,"['Mohsen Hassan', 'bloom team']","Learn To Trade The FOREX Market by A Trading Firm CEO. Inc: Technical Analysis, Candlesticks, Live Trading + much more",finance-and-accounting,All Levels,"(11,649)",4.6,True,https://www.udemy.com/course/the-complete-foundation-forex-trading-course/
Accounting in 60 Minutes - A Brief Introduction,['Vincent Turner'],Learn the very basics of accounting in just about an hour.,finance-and-accounting,Beginner,"(11,101)",4.5,True,https://www.udemy.com/course/accounting-in-60-minutes-a-brief-introduction/
Cognitive Behavioural Therapy (CBT) Practitioner Course,"['Kain Ramsay', 'The Academy of Modern Applied Psychology']",Become a Certified Cognitive Behavioural Therapy (CBT) Practitioner and elevate your understanding of human behaviour.,health-and-fitness,All Levels,"(31,215)",4.6,True,https://www.udemy.com/course/cognitive-behavioural-therapy-online-course-cbt-practitioner-course/
Therapeutic Art Life Coach Certification  (Accredited),"['Joeel & Natalie Rivera', 'Victoria Hawkins', 'Transformation Services']","Therapeutic Art: Help Clients Heal, Reduce Stress & Manifest Dreams with Mandalas, Affirmations, Vision Boards & More",health-and-fitness,All Levels,"(12,231)",4.3,True,https://www.udemy.com/course/art-therapy-life-coach-certification/
Herbalism :: Introduction & Medicine Making Certificate,['Elizabeth Heck'],"Take charge of your health with herbal medicine. Using herbs and natural holistic medicine is easy, effective and safe.",health-and-fitness,All Levels,"(10,874)",4.7,True,https://www.udemy.com/course/herbalism-medicine-making/
Internationally Accredited Diploma Certificate in Nutrition,"['Akash Sehrawat', 'Fabulous Body', 'Teaching Assistant']",Learn how to eat healthy and understand the fundamentals of nutrition science,health-and-fitness,All Levels,"(9,817)",4.4,True,https://www.udemy.com/course/internationally-accredited-diploma-certificate-in-nutrition/
Complete Fitness Trainer Certification: Beginner To Advanced,['Felix Harder'],"Become A Fitness Coach: Create Muscle Growth & Fat Loss Workouts, Build A Fitness Training Business & Be A Health Expert",health-and-fitness,All Levels,"(6,696)",4.6,True,https://www.udemy.com/course/complete-fitness-trainer-certification-beginner-to-advanced/
15 Minutes x 15 Days Yoga Mobility Challenge,['Abi Carver'],"Increase your flexibility and range of motion, energise your body and improve your yoga skills in 15 minutes a day.",health-and-fitness,Intermediate,"(6,275)",4.6,True,https://www.udemy.com/course/yoga-mobility-challenge-15-minutes-x-15-days-66/
Diet And Nutrition Coach Certification: Beginner To Advanced,['Felix Harder'],"Become A Nutrition Coach: Create Muscle Growth & Fat Loss Meal Plans, Build A Fitness Diet Business & Be A Health Expert",health-and-fitness,All Levels,"(5,785)",4.6,True,https://www.udemy.com/course/diet-nutrition-coach-certification-beginner-to-advanced/
Nutrition Masterclass: Build Your Perfect Diet & Meal Plan,['Felix Harder'],"Learn The Truth About Nutrition, Dieting For Weight Loss, Building Muscle, Healthy Eating, Meal Planning, Fat Loss",health-and-fitness,All Levels,"(5,688)",4.6,True,https://www.udemy.com/course/nutrition-masterclass-build-your-perfect-diet-meal-plan/
Aromatherapy- Using Essential Oils For Natural Living (5 CE),['Mark Perren-Jones'],"Aromatherapy-Blend Aromatherapy Essential Oils By The Notes, Beauty Products, Cleaning Products, Balms And Scrubs !",health-and-fitness,All Levels,"(5,357)",4.7,True,https://www.udemy.com/course/aromatherapy-how-to-use-essential-oils-in-your-everyday-life/
Elevate Your Tennis Game: Learn from Champion Andre Agassi,['Andre Agassi'],Level up your tennis game with the next best thing to a private lesson. Master insider secrets and a winner’s mindset.,health-and-fitness,Intermediate,"(5,159)",4.5,True,https://www.udemy.com/course/andreagassi/
Learn Meditation with Certification to Guide Others,['Melissa Crowhurst'],"Learn meditation for stress relief, mindfulness, anxiety & more! Includes 10 guided audios & Meditation Certificate",health-and-fitness,All Levels,"(5,082)",4.7,True,https://www.udemy.com/course/learn-to-meditate/
Kids Yoga Teacher Training Certificate Course - Ages 2-17,['Jessica Fleming'],"Confidently teach fun, safe and engaging yoga classes to kids aged 2 to 17 years - Kids Yoga Business Training included!",health-and-fitness,All Levels,"(5,082)",4.7,True,https://www.udemy.com/course/kids-yoga-teacher-training-certificate-course/
Sit Less Move More - Office Desk Exercise To Improve Posture,['Posture Videos'],"Helping people and the organizations they work for – engage, flourish and thrive with daily office-based body movement!",health-and-fitness,All Levels,"(4,655)",4.5,True,https://www.udemy.com/course/sit-less-move-more-office-desk-exercise-to-improve-posture/
Become a SuperHuman: Naturally & Safely Boost Testosterone,"['Jonathan Levi', 'SuperHuman Academy®']","Hack diet, exercise, & habits to safely boost your testosterone; the motivation, fitness, health, & happiness super drug",health-and-fitness,All Levels,"(4,623)",4.7,True,https://www.udemy.com/course/become-a-superhuman-naturally-safely-boost-testosterone/
"""Breath is Life"" Breathwork & Meditation course",['Michaël Bijker'],"Tap into the power of your breath and develop health, happiness and inner richness. A complete breathwork course.",health-and-fitness,All Levels,"(4,450)",4.7,True,https://www.udemy.com/course/breathing/
Isla Verde Spa Relaxation Massage Certificate Course,['Mark Perren-Jones'],This is a Complete Massage Course That Will Teach You Everything That You Need to Know to Give Amazing Massages,health-and-fitness,All Levels,"(4,337)",4.7,True,https://www.udemy.com/course/award-winning-isla-verde-spa-relaxation-massage-masterclass/
Ultimate AWS Certified Solutions Architect Associate 2022,"['Stephane Maarek | AWS Certified Cloud Practitioner,Solutions Architect,Developer']",Full Practice Exam | Learn Cloud Computing | Pass the AWS Certified Solutions Architect Associate Certification SAA-C02!,it-and-software,All Levels,"(122,620)",4.7,True,https://www.udemy.com/course/aws-certified-solutions-architect-associate-saa-c02/
Learn Ethical Hacking From Scratch,"['Zaid Sabih', 'z Security']",Become an ethical hacker that can hack computer systems like black hat hackers and secure them like security experts.,it-and-software,All Levels,"(104,060)",4.6,True,https://www.udemy.com/course/learn-ethical-hacking-from-scratch/
[NEW] Ultimate AWS Certified Cloud Practitioner - 2022,"['Stephane Maarek | AWS Certified Cloud Practitioner,Solutions Architect,Developer']",Full Practice Exam included + explanations | Learn Cloud Computing | Pass the AWS Cloud Practitioner CLF-C01 exam!,it-and-software,Beginner,"(85,570)",4.7,True,https://www.udemy.com/course/aws-certified-cloud-practitioner-new/
TOTAL: CompTIA A+ Certification (220-1001).,"['Total Seminars • 900,000+ Enrollments', 'Mike Meyers']","Course 1: Everything you need to pass the A+ Certification Core 1 (220-1001) Exam, from Mike Meyers and Total Seminars.",it-and-software,Beginner,"(57,959)",4.7,True,https://www.udemy.com/course/new-comptia-a-2019-certification-1001-the-total-course/
Ultimate AWS Certified Developer Associate 2022 - NEW!,"['Stephane Maarek | AWS Certified Cloud Practitioner,Solutions Architect,Developer']",Full Practice Exam with Explanations included! PASS the Amazon Web Services Certified Developer Certification DVA-C01.,it-and-software,All Levels,"(57,837)",4.7,True,https://www.udemy.com/course/aws-certified-developer-associate-dva-c01/
AZ-900: Microsoft Azure Fundamentals Exam Prep - JAN 2022,"['Scott Duffy  • 700.000+ Students', 'Software Architect.ca']","Learn the fundamentals of Azure, and get certified, with this complete beginner's AZ-900 course, includes practice test!",it-and-software,Beginner,"(52,981)",4.5,True,https://www.udemy.com/course/az900-azure/
Kubernetes for the Absolute Beginners - Hands-on,"['Mumshad Mannambeth', 'KodeKloud Training']","Learn Kubernetes in simple, easy and fun way with hands-on coding exercises. For beginners in DevOps.",it-and-software,Beginner,"(45,183)",4.7,True,https://www.udemy.com/course/learn-kubernetes/
Microsoft Azure - Beginner's Guide + AZ-900 -  2022,['Alan Rodrigues'],Beginning your journey on Microsoft Azure,it-and-software,Beginner,"(42,715)",4.5,True,https://www.udemy.com/course/microsoft-azure-beginners-guide/
Cisco CCNA 200-301 – The Complete Guide to Getting Certified,['Neil Anderson'],The top rated CCNA course online and only one where all questions get a response. Full lab exercises included.,it-and-software,Beginner,"(41,990)",4.8,True,https://www.udemy.com/course/ccna-complete/
The Complete Cyber Security Course : Hackers Exposed!,['Nathan House'],"Volume 1 : Become a Cyber Security Specialist, Learn How to Stop Hackers, Prevent Hacking,  Learn IT Security &  INFOSEC",it-and-software,All Levels,"(41,839)",4.5,True,https://www.udemy.com/course/the-complete-internet-security-privacy-course-volume-1/
Certified Kubernetes Administrator (CKA) with Practice Tests,"['Mumshad Mannambeth', 'KodeKloud Training']",Prepare for the Certified Kubernetes Administrators Certification with live practice tests right in your browser - CKA,it-and-software,All Levels,"(38,472)",4.7,True,https://www.udemy.com/course/certified-kubernetes-administrator-with-practice-tests/
The Complete Networking Fundamentals Course. Your CCNA start,['David Bombal'],Learn about networking and start your journey to Cisco 200-301 Certification.,it-and-software,Beginner,"(34,253)",4.6,True,https://www.udemy.com/course/complete-networking-fundamentals-course-ccna-start/
Docker for the Absolute Beginner - Hands On - DevOps,"['Mumshad Mannambeth', 'KodeKloud Training']",Learn Docker with Hands On Coding Exercises. For beginners in DevOps,it-and-software,Beginner,"(33,455)",4.7,True,https://www.udemy.com/course/learn-docker/
The Complete Oracle SQL Certification Course,['Imtiaz Ahmad'],"Don't Just Learn the SQL Language, Become Job-Ready and Launch Your Career as a Certified Oracle SQL Developer!",it-and-software,All Levels,"(33,371)",4.6,True,https://www.udemy.com/course/the-complete-oracle-sql-certification-course/
Learn Linux in 5 Days and Level Up Your Career,['Jason Cannon'],Use the in-demand Linux skills you learn in this course to get promoted or start a new career as a Linux professional.,it-and-software,All Levels,"(32,950)",4.5,True,https://www.udemy.com/course/learn-linux-in-5-days/
Blockchain and Bitcoin Fundamentals,['George Levy'],Learn the key elements of blockchain and Bitcoin in this bestselling video course and accompanying PDF glossary.,it-and-software,Beginner,"(32,809)",4.6,True,https://www.udemy.com/course/blockchain-and-bitcoin-fundamentals/
"Reiki Level I, II and Master/Teacher Program",['Lisa Powers'],"Learn Reiki Levels 1, 2 and Master Level to become a Certified Traditional Usui Reiki Practitioner/Instructor",lifestyle,All Levels,"(47,937)",4.8,True,https://www.udemy.com/course/reikicourse/
"Reiki Level I, II and Master Certification - Energy Healing",['Melissa Crowhurst'],"Become a Certified Usui Reiki Practitioner - Heal Yourself, Family, Friends, Clients, Pets and More with Energy Healing!",lifestyle,All Levels,"(23,742)",4.8,True,https://www.udemy.com/course/reiki-master-certification-energy-healing/
The Art & Science of Drawing / BASIC SKILLS,['Brent Eviston'],Drawing is not a talent. It's a skill anyone can learn.,lifestyle,Beginner,"(11,435)",4.7,True,https://www.udemy.com/course/the-art-and-science-of-drawing/
Tarot Card Success - The Complete Tarot Reading Course,['Sal Jade'],TAROT CERTIFICATE COURSE! Master your Psychic Ability and Learn to Give Accurate Professional Level Tarot Card Readings,lifestyle,All Levels,"(10,178)",4.8,True,https://www.udemy.com/course/tarot-card-meaningshow-to-read-tarot-like-an-expert/
100% Official NLP Practitioner Certification iGNLP™ / ABNLP,"['Matthew Barnett', 'HeadgearLabs™ Personal & Professional Development']",NLP Get the only Genuine 100%  iGNLP™ & ABNLP Accredited - NLP Practitioner Certification Recognised Globally,lifestyle,All Levels,"(8,057)",4.7,True,https://www.udemy.com/course/nlp-practitioner-neuro-linguistic-programming-certification-abnlp/
Crystal Reiki Master/Teacher Certification,['Lisa Powers'],Step into your power and become a Certified Crystal Reiki Master,lifestyle,Expert,"(7,603)",4.8,True,https://www.udemy.com/course/crystal-reiki/
Animal Reiki Practitioner Certification,['Lisa Powers'],Learn how to use Reiki energy to help animals,lifestyle,All Levels,"(7,303)",4.7,True,https://www.udemy.com/course/animal-reiki-certification/
Your 7 Chakras : The Complete Guide to Your Energy Body,['James Seriph'],"Understand Your Chakras, Your Energy Body, and Heal the Areas of your life that need it!",lifestyle,All Levels,"(7,174)",4.7,True,https://www.udemy.com/course/the-chakra-system-master-class/
EFT  & TFT Tapping Practitioner Certification (ACCREDITED),['Graham Nicholls'],EFT & TFT Tapping Practitioner Certification - Discover the power of EFT & TFT Tapping in this Certification Course,lifestyle,Beginner,"(6,456)",4.7,True,https://www.udemy.com/course/eft-tft-tapping-practitioner-certification-beginner-pro-eft/
Counter-Strike: Global Offensive — Play Like a Pro,['Jordan Gilbert'],"n0thing helps level up your CS:GO game sense, mechanics, strategies, and overall best practices for competitive play.",lifestyle,All Levels,"(6,392)",4.8,True,https://www.udemy.com/course/counter-strike-global-offensive-play-like-a-pro/
How to Draw From Beginner to Master,['Joseph Patric Daniels'],Drawing and Shading From Fundamentals to Photorealism,lifestyle,All Levels,"(5,590)",4.8,True,https://www.udemy.com/course/how-to-draw-from-beginner-to-master/
How to Be Psychic - Psychic Development for Beginners,['Sal Jade'],CERTIFICATE COURSE: Tap into Your Natural Psychic Ability to Give Psychic Readings for Spiritual Guidance or Profit,lifestyle,All Levels,"(5,167)",4.6,True,https://www.udemy.com/course/how-to-be-psychic/
Professional Accredited Angelic Healing Practitioner  Course,['The Academy of Ancient Magik'],"Connect with the angelic realm,complete the training so that you can offer paid for healings as an Angel practitioner",lifestyle,All Levels,"(4,340)",4.8,True,https://www.udemy.com/course/angelic-healing-practitioner-certified-diploma-course/
NLP Practitioner & NLP Master Practitioner Cert (ACCREDITED),['Graham Nicholls'],A Comprehensive Combined NLP Practitioner & Master Practitioner Certification Course from Beginner to Expert level,lifestyle,All Levels,"(4,254)",4.6,True,https://www.udemy.com/course/nlp-practitioner-master-practitioner-certification-course/
Complete Hypnotherapy & Hypnosis Certification Diploma,['Dr Karen E Wells'],Fully Accredited Diploma Course. In depth & practical course giving you the skills to help others using Hypnotherapy.,lifestyle,All Levels,"(4,148)",4.5,True,https://www.udemy.com/course/complete-hypnotherapy-hypnosis-certification-course/
How To Make Soap - Homemade Soap Making for Beginners,"[""Shona O'Connor""]",How to make your own soap at home using the cold process soapmaking method. A step by step guide for beginners,lifestyle,Beginner,"(4,077)",4.5,True,https://www.udemy.com/course/how-to-make-soap/
The Complete Digital Marketing Course - 12 Courses in 1,"['Rob Percival', 'Daragh Walsh', 'Codestars by Rob Percival']","Master Digital Marketing Strategy, Social Media Marketing, SEO, YouTube, Email, Facebook Marketing, Analytics & More!",marketing,All Levels,"(148,273)",4.5,True,https://www.udemy.com/course/learn-digital-marketing-course/
Ultimate Google Ads Training 2021: Profit with Pay Per Click,['Isaac Rudansky'],Google Ads 2021: How our clients have transformed their sales using Google Ads & get your Google Ads certification!,marketing,All Levels,"(47,341)",4.6,True,https://www.udemy.com/course/the-ultimate-google-adwords-training-course/
Instagram Marketing 2022: Complete Guide To Instagram Growth,"['Benjamin Wilson', 'Entrepreneur Academy']","Attract Hyper-Targeted Instagram Followers, Convert Followers to Paying Customers, & Expand your Brand Using Instagram",marketing,All Levels,"(32,633)",4.5,True,https://www.udemy.com/course/instagram-marketing-for-small-businesses/
Facebook Ads & Facebook Marketing MASTERY 2022 | Coursenvy ®,['COURSE ENVY'],"Facebook Marketing from beginner to advanced! Join 100,000+ students who MASTERED Facebook and are Facebook Ads experts!",marketing,All Levels,"(30,102)",4.5,True,https://www.udemy.com/course/facebook-ads-facebook-marketing-mastery-guide/
Digital Marketing Masterclass - 23 Marketing Courses in 1,"['Phil Ebiner', 'Diego Davila • 650.000+ Students', 'Video School']","Learn Social Media Marketing, Facebook Marketing, Content Marketing, YouTube Marketing, Email Marketing, SEO, Branding+",marketing,All Levels,"(18,938)",4.5,True,https://www.udemy.com/course/digital-marketing-masterclass/
Social Media Marketing MASTERY | Learn Ads on 10+ Platforms,['COURSE ENVY'],"MASTER online marketing on Twitter, Pinterest, Instagram, YouTube, Facebook, Google and more ad platforms! Coursenvy ®",marketing,All Levels,"(17,492)",4.5,True,https://www.udemy.com/course/social-media-marketing-ads/
The Complete Copywriting Course : Write to Sell Like a Pro,"['Codestars by Rob Percival', 'Tamsin Henderson', 'Rob Percival']","Write Effective Sales Copy & Grow Your Business & Career // Access Timeless Copywriting Formulas, Templates & FREE Tools",marketing,All Levels,"(16,256)",4.6,True,https://www.udemy.com/course/the-complete-copywriting-course/
Google Analytics Certification - Become Analytics Certified!,['Daragh Walsh'],How to Pass the Google Analytics Certification Exam Quickly & Become Google Analytics Certified. No Experience Required!,marketing,All Levels,"(15,768)",4.4,True,https://www.udemy.com/course/google-analytics-certification/
SEO 2022: Complete SEO Training + SEO for WordPress Websites,['Arun Nagarathanam'],"Competitor + Keyword Research, On Page + Technical SEO, Core Web Vitals, Pagespeed, Backlinks SEO & WordPress Training",marketing,All Levels,"(15,226)",4.5,True,https://www.udemy.com/course/seo-get-to-number1-in-google-search/
SQL for NEWBS: Weekender Crash Course,"[""A Course You'll Actually Finish"", 'David Kim', 'Peter Sefton']","Using MySQL but applicable to Oracle SQL, Microsoft SQL Server, and PostgreSQL. Taught by a Data Scientist and PM.",marketing,All Levels,"(14,328)",4.1,True,https://www.udemy.com/course/sql-for-newbs/
Mega Digital Marketing Course A-Z: 12 Courses in 1 + Updates,"['Pouya Eti • Digital Marketing Expert', 'Alireza Etemadi | Marketing Strategy Expert |']","Digital Marketing Strategy, Social Media Marketing, WordPress, SEO, Digital Sale, Email, Instagram, Facebook, ads ..",marketing,All Levels,"(10,324)",4.6,True,https://www.udemy.com/course/digital-marketing-strategy-course-wordpress-seo-instagram-facebook/
Social Media Marketing - Complete Certificate Course,['SO ME Academy'],"The comprehensive social media course, beginner to advanced. Go viral, get started today!",marketing,All Levels,"(10,282)",4.1,True,https://www.udemy.com/course/learn-social-media-marketing-course/
YouTube Masterclass - Your Complete Guide to YouTube,"['Phil Ebiner', 'Michael Moyer', 'Video School']","Complete guide to starting a YouTube channel, getting more views & subscribers, and building a brand with videos!",marketing,All Levels,"(9,824)",4.3,True,https://www.udemy.com/course/youtube-masterclass/
"Instagram Marketing 2022: Hashtags, Live, Stories, Ads &more",['Evan Kimbrell'],"Watch me take an account from an idea to 40k followers in 4 months. 14 hours instruction, 8 hours of BTS videos",marketing,All Levels,"(8,693)",4.5,True,https://www.udemy.com/course/instagram-masterclass-grow-your-account-complete-guide/
ClickBank Success – Affiliate Marketing Without A Website,['KC Tan'],Learn and model my proven system for success as a ClickBank affiliate. No hidden secrets - I reveal it all!,marketing,All Levels,"(8,335)",4.3,True,https://www.udemy.com/course/clickbank-affiliate-marketing-success/
[2022] Growth Hacking with Digital Marketing (Version 7.4),"['Davis Jones', 'Eazl (Official)', 'Maja Voje']","Become a growth hacker! This course is used by teams at PayPal®, IBM®, Citibank® & many other successful organizations!",marketing,All Levels,"(7,124)",4.4,True,https://www.udemy.com/course/growth-hacking-masterclass-become-a-digital-marketing-ninja/
Pianoforall - Incredible New Way To Learn Piano & Keyboard,['Robin Hall'],"Learn Piano in WEEKS not years. Play-By-Ear & learn to Read Music. Pop, Blues, Jazz, Ballads, Improvisation, Classical",music,All Levels,"(40,841)",4.7,True,https://www.udemy.com/course/pianoforall-incredible-new-way-to-learn-piano-keyboard/
Complete Guitar Lessons System - Beginner to Advanced,['Erich Andreas'],"All-in-one Guitar Course, Fingerstyle Guitar, Blues Guitar, Acoustic Guitar, Electric Guitar & Fingerpicking Guitarra",music,All Levels,"(34,946)",4.6,True,https://www.udemy.com/course/complete-guitar-system-beginner-to-advanced/
"Music Theory Comprehensive Complete! (Parts 1, 2, & 3)",['Jason Allen'],"A Complete College-Level Music Theory Curriculum. This edition of the course includes levels 1, 2, & 3.",music,Beginner,"(17,808)",4.7,True,https://www.udemy.com/course/music-theory-complete/
Music + Audio Production in Logic Pro X - The Complete Guide,['Make Pro Music'],"Become a master at using Logic Pro X | Understand music production | Learn to record, edit & mix audio to a pro standard",music,All Levels,"(12,046)",4.5,True,https://www.udemy.com/course/music-production-in-logic-pro-x-course/
Music Production in Logic Pro X - The Complete Course!,"['Tomas George', 'Christopher Carvalho', 'Ian Alexander', 'Digital Music Masters']","Join Successful Music Production + Logic Pro X students in Creating, Recording, Mixing Music + Mastering in Logic Pro X",music,All Levels,"(10,337)",4.7,True,https://www.udemy.com/course/thecompletelogicprox/
"Music Theory for Electronic Music COMPLETE: Parts 1, 2, & 3",['Jason Allen'],"Electronic music theory, digital music theory, and dance music theory. Learn music theory with ableton live and more!",music,Beginner,"(7,589)",4.6,True,https://www.udemy.com/course/music-theory-for-electronic-music-complete-parts-1-2-3/
Ultimate Beginner Guitar Masterclass,['Henry Olsen'],"Beginner Guitar Lessons: Learn Acoustic Guitar, Blues Guitar, Basic Fingerstyle Guitar, Guitar Chords, Guitar Technique",music,Beginner,"(6,375)",4.6,True,https://www.udemy.com/course/beginner-guitar-masterclass/
FL Studio 20 - Music Production In FL Studio for Mac & PC,"['Martin Svensson', 'Music-Prod Education']","Music Production in FL Studio 20 - Make 3 Full Tracks - Manage FL Studio in Just One Day, Music, Mixing & Mastering",music,All Levels,"(6,195)",4.5,True,https://www.udemy.com/course/fl-studio/
"Learn to play HARMONICA, the easiest instrument to pick up!",['Ben Hewlett'],"Ultimate diatonic harmonica lessons, blues, country music, rock; you will learn how to play on/off stage, solo/group",music,All Levels,"(6,171)",4.5,True,https://www.udemy.com/course/benhewlettharmonicatuitionultimate-harmonica-course/
The Professional Guitar Masterclass,['Michael Palmisano'],Learn The Tools Used By The World's Top Professional Guitar Players.,music,All Levels,"(5,706)",4.5,True,https://www.udemy.com/course/the-professional-guitar-masterclass/
BECOME A GREAT SINGER: Your Complete Vocal Training System,['Robert Lunte'],"Immediately Improve Your Singing. (Any Level, Any Style)",music,All Levels,"(5,331)",4.3,True,https://www.udemy.com/course/become-a-great-singer-your-complete-vocal-training-system/
Music Production in Ableton Live 10 - The Complete Course!,"['Tomas George', 'Digital Music Masters']","Learn Music Production in Ableton Live 10 Today and Understand how to Create, Record and Edit Your Own Music + Live Sets",music,All Levels,"(5,140)",4.7,True,https://www.udemy.com/course/abletonlive10/
Read Music FAST!,['Benedict Westenra'],Learn to read music using my unique method: just see a note on a piano score and play it on the keyboard straight away,music,Beginner,"(4,851)",4.8,True,https://www.udemy.com/course/sight-reading/
How to Become a DJ - Learn How to Start DJing Online Today,['Ross Palmer'],"Professional DJ School - 11 hours of high-quality content. Former students on: Armada, Spinnin, Ultra, Revealed, & more!",music,All Levels,"(4,034)",4.6,True,https://www.udemy.com/course/online-dj-course/
Game Music Composition: Make Music For Games From Scratch,['Karleen Heong'],"Learn to compose music for any and every type of video game, from complete beginner to competent game music composer",music,All Levels,"(3,743)",4.6,True,https://www.udemy.com/course/gamemusiccourse/
Acoustic Guitar and Electric Guitar Lessons: Getting Started,['Erich Andreas'],"Acoustic Guitar Theory, Fingerpicking, Fretting, Chords: Most Important 25 Videos For Getting Started w/ Playing Guitar",music,Beginner,"(3,707)",4.4,True,https://www.udemy.com/course/getting-started-with-playing-guitar/
Microsoft Excel - Excel from Beginner to Advanced,"['Kyle Pew', 'Office Newb']","Excel with this A-Z Microsoft Excel Course. Microsoft Excel 2010, 2013, 2016, Excel 2019 and Microsoft/Office 365",office-productivity,All Levels,"(297,640)",4.7,True,https://www.udemy.com/course/microsoft-excel-2013-from-beginner-to-advanced-and-beyond/
Microsoft Excel - Advanced Excel Formulas & Functions,"['Maven Analytics', 'Chris Dutton']",Master 75+ MS Excel formulas and learn data analysis with a top Microsoft Excel & business intelligence instructor,office-productivity,All Levels,"(61,372)",4.7,True,https://www.udemy.com/course/excel-for-analysts/
Microsoft Excel - Data Analysis with Excel Pivot Tables,"['Maven Analytics', 'Chris Dutton']",Master Excel pivots & learn data analysis w/ advanced Excel cases from a top Excel & business intelligence instructor,office-productivity,All Levels,"(35,907)",4.6,True,https://www.udemy.com/course/data-analysis-with-excel-pivot-tables/
Unlock Excel VBA and Excel Macros,['Leila Gharani'],Automate Complex Tasks with Microsoft Excel VBA & Excel Macros (Real-World Projects included). Achieve More. Save time.,office-productivity,All Levels,"(32,201)",4.7,True,https://www.udemy.com/course/excel-vba-and-macros-course/
"Microsoft Excel - Data Visualization, Excel Charts & Graphs","['Maven Analytics', 'Chris Dutton']","Master 20+ Excel charts, build advanced Excel visuals & learn data analysis with a top Excel instructor (Excel 2016+)",office-productivity,All Levels,"(28,936)",4.6,True,https://www.udemy.com/course/advanced-excel-charts-graphs/
"Excel Essentials: The Complete Excel Series - Level 1, 2 & 3",['Alan Jarvis'],"Excel: The WHOLE Excel Mastery Series In One! From Excel Novice To VBA Programmer - Excel 2013, 2016, 2019 & Excel 365",office-productivity,All Levels,"(24,429)",4.6,True,https://www.udemy.com/course/excel-essentials-the-complete-series-levels-1-2-3/
Microsoft Excel - From Beginner to Expert in 6 Hours,['Todd McLeod'],This Microsoft Excel class will make you a master of Microsoft Excel. The training uses Excel 2013 for Windows.,office-productivity,All Levels,"(21,455)",4.6,True,https://www.udemy.com/course/thebestexcel/
Master Microsoft Word Beginner to Advanced,['Kyle Pew'],"Master the most popular Word Processing tool, Microsoft Word. Microsoft Word 2010, Word 2013, Word 2016, Word 2019",office-productivity,All Levels,"(18,214)",4.7,True,https://www.udemy.com/course/microsoft-word-from-beginner-to-advanced-and-beyond/
Microsoft Excel: Business Intelligence w/ Power Query & DAX,"['Maven Analytics', 'Chris Dutton']","Learn advanced Excel for data analysis & business intelligence (Power Query, Power Pivot & DAX language. Excel 2013+)",office-productivity,All Levels,"(16,558)",4.7,True,https://www.udemy.com/course/microsoft-excel-power-query-power-pivot-dax/
Master Microsoft Excel Macros and Excel VBA,['Kyle Pew'],Project Based Course on Excel VBA (Visual Basic for Applications) and Excel Macros,office-productivity,All Levels,"(16,389)",4.5,True,https://www.udemy.com/course/master-microsoft-excel-macros-and-vba-with-5-simple-projects/
Microsoft Project ALL: BEGINNER to EXPERT 10 Projects 9 PDU,['Srikanth Shirodkar'],Learn MS Project all version HANDS-ON with COMPLETE real life examples BONUS 125 project files FREE PMI approved 9 PDUs,office-productivity,All Levels,"(15,846)",4.5,True,https://www.udemy.com/course/microsoft-project-tutorial/
Visually Effective Excel Dashboards,['Leila Gharani'],Actionable Excel Tips (Templates Included) You Can Use Right Now to Create Eye-Catching Microsoft Excel Dashboards,office-productivity,All Levels,"(14,116)",4.7,True,https://www.udemy.com/course/excel-dashboards-reports/
Zero to Hero in Microsoft Excel: Complete Excel guide 2022,['Start-Tech Academy'],"A Beginner's Guide to Microsoft Excel - Learn Excel Charts, Spreadsheets, Formulas, Shortcuts, Macros and Tips & Tricks",office-productivity,All Levels,"(13,941)",4.5,True,https://www.udemy.com/course/excel-quick-start-guide-from-beginner-to-expert/
SAP Simplified for Absolute Beginners,['Ulrika Garner'],Easy to follow Introduction into SAP ERP,office-productivity,Beginner,"(13,793)",4.5,True,https://www.udemy.com/course/sap-simplified-for-absolute-beginners/
Powerpoint 2016 2019 365 - Master powerpoint presentation,['Andrew Pach'],"Complete Powerpoint Masterclass, 20+ powerpoint 365 presentation slides. Learn Microsoft Powerpoint beginner to advanced",office-productivity,All Levels,"(13,751)",4.7,True,https://www.udemy.com/course/case-study-powerpoint-2013-presentation-slide-by-slide/
Mastering Microsoft Teams - Bonus Content,['Bigger Brains'],"Become an expert at using Microsoft Teams to chat, collaborate, and get things done",office-productivity,All Levels,"(12,930)",4.5,True,https://www.udemy.com/course/mastering-microsoft-teams/
Productivity and Time Management for the Overwhelmed,['Josh Paulsen'],A complete productivity and time management course designed to help you reduce your overwhelm and increase your results.,personal-development,All Levels,"(48,749)",4.5,True,https://www.udemy.com/course/productivity-and-time-management/
Become a SuperLearner® 2: Learn Speed Reading & Boost Memory,"['Jonathan Levi', 'Lev Goldentouch', 'Anna Goldentouch', 'SuperHuman Academy®']",The original course to learn faster & more easily using the skills of the worlds fastest readers & memory record holders,personal-development,All Levels,"(34,945)",4.5,True,https://www.udemy.com/course/become-a-superlearner-2-speed-reading-memory-accelerated-learning/
Life Coaching Certificate Course (Beginner to Intermediate),"['Kain Ramsay', 'The Academy of Modern Applied Psychology']",A comprehensive online training that delivers in-depth understanding of the key elements of the Life Coaching profession,personal-development,All Levels,"(34,223)",4.6,True,https://www.udemy.com/course/life-coaching-online-certification-course-life-coach-training/
"Time Management Mastery: Do More, Stress Less",['Alexis Haselberger'],"Take control of your time, your to-do list, and your overwhelm.  Learn how to get it all done, without the stress.",personal-development,All Levels,"(28,893)",4.5,True,https://www.udemy.com/course/do-more-stress-less/
Neuro-Linguistic Programming (NLP) Practitioner Certificate,"['Kain Ramsay', 'The Academy of Modern Applied Psychology']",Gain an in-depth understanding of Neuro-Linguistic Programming (NLP) for personal growth and professional excellence.,personal-development,All Levels,"(22,655)",4.6,True,https://www.udemy.com/course/nlp-practitioner-neuro-linguistic-programming-online-course/
Storytelling to Influence,['Jeff Tan'],How to use stories to influence decision makers in the audience!,personal-development,All Levels,"(22,489)",4.3,True,https://www.udemy.com/course/storytellingtoinfluence/
Productivity Machine: Time Management & Productivity Hacks,['Patrick Dang'],"Productivity & Time Management Strategies for Goal Setting, Eliminating Distractions, & Building Habits for Success.",personal-development,All Levels,"(21,596)",4.5,True,https://www.udemy.com/course/productivitymachine/
Psychology of Diversity and Unconscious Bias,"['Andrew Luttrell', 'Ph.D.']","Understand Stereotypes, Prejudice, and Discrimination and How to Reduce Their Influence at Work and Your Community",personal-development,All Levels,"(19,119)",4.5,True,https://www.udemy.com/course/psychology-diversity-unconscious-bias-discrimination/
Effective Email Communication: Enhancing Your Voice at Work,"['Anonymized User', 'Nikki Woodford']",Improving the Clarity and Effectiveness of Digital Communication,personal-development,Beginner,"(17,641)",4.4,True,https://www.udemy.com/course/effective-email-communication/
Stress Management: 40+ easy ways to deal with stress,['Gregory Caremans - Brain Academy'],"Stress relief and burnout prevention. Don't let stress control your life. Beat anxiety and worries. Live, Laugh, Love.",personal-development,Beginner,"(16,800)",4.5,True,https://www.udemy.com/course/stress-management-40-easy-ways-to-deal-with-stress/
Customer Service: Soft Skills Fundamentals,['Samara Wenten'],How to keep your head when everyone else is losing theirs,personal-development,Beginner,"(16,297)",4.5,True,https://www.udemy.com/course/customer-service-soft-skills-fundamentals/
SELF-CONFIDENCE: 40-minute Confidence & Self Esteem Guide,"['Jimmy Naraine', 'Jimmy Naraine Support']","3h of NEW Content! Boost Your Confidence & Self Esteem, Handle Fear of Rejection,Learn Powerful Body Language,Feel Great",personal-development,All Levels,"(15,716)",4.5,True,https://www.udemy.com/course/self-confidence-40-minute-confidence-self-esteem-guide/
Goal Setting Mastery Course,['Himesh Trivedi'],"Define your WHY and align it to your goals & create a step by step blueprint to plan, implement & achieve your goals",personal-development,All Levels,"(15,117)",4.4,True,https://www.udemy.com/course/goal-setting-mastery-course/
Successful Negotiation: Master Your Negotiating Skills,['Chris Croft'],Master negotiation with these negotiating tips,personal-development,All Levels,"(15,006)",4.5,True,https://www.udemy.com/course/a-practical-guide-to-negotiating/
Critical Thinking Strategies For Better Decisions,['John Rampton'],Upgrade your problem solving skills and optimize business outcomes by applying the critical thinking process.,personal-development,All Levels,"(14,974)",4.3,True,https://www.udemy.com/course/critical-thinking-strategies/
Working Remotely: How To Succeed In The New Workplace,['Clare Lynch'],A how-to guide for remote workers - and those who work with them,personal-development,All Levels,"(14,231)",4.5,True,https://www.udemy.com/course/working-remotely/
Photography Masterclass: A Complete Guide to Photography,"['Phil Ebiner', 'William Carnahan', 'Video School', 'Sam Shimizu-Jones']",The Best Online Professional Photography Class: How to Take Amazing Photos for Beginners & Advanced Photographers,photography-and-video,All Levels,"(58,076)",4.7,True,https://www.udemy.com/course/photography-masterclass-complete-guide-to-photography/
Adobe Premiere Pro CC Masterclass: Video Editing in Premiere,"['Phil Ebiner', 'Video School']","Learn Beginner-Advanced Adobe Premiere Pro Video Editing, Audio Editing, Color Grading, Motion Graphics, Green Screen+",photography-and-video,All Levels,"(30,240)",4.7,True,https://www.udemy.com/course/adobe-premiere-pro-video-editing/
iPhone Photography | Take Professional Photos On Your iPhone,['Dale McManus'],Your Online Guide to Taking Stunning iPhone Photography Like a Professional Digital Photographer,photography-and-video,Beginner,"(19,289)",4.6,True,https://www.udemy.com/course/iphonephotography/
"Video Production Bootcamp: Videography, Cinematography+","['Phil Ebiner', 'William Carnahan', 'Sam Shimizu-Jones', 'Video School']","Make better videos with the ultimate course on videography: video production, cinematography, editing & distribution.",photography-and-video,Beginner,"(8,722)",4.4,True,https://www.udemy.com/course/video-production-bootcamp/
Adobe Lightroom Classic CC & CC: Photo Editing Masterclass,"['Phil Ebiner', 'AgileWorks A Registered Scrum Trainer', 'Video School']","Your complete guide to editing beautiful photos in Adobe Lightroom Classic CC and Adobe Lightroom CC, both versions!",photography-and-video,All Levels,"(6,996)",4.3,True,https://www.udemy.com/course/adobe-lightroom/
Beginner Nikon Digital SLR (DSLR) Photography,['JP Teaches Photo .'],Learn how to use your camera intuitively. Learn through doing rather than memorizing.,photography-and-video,Beginner,"(6,259)",4.5,True,https://www.udemy.com/course/jp-nikon-dslr-for-beginners/
Adobe Photoshop Complete Mastery Course Beginner to Advanced,['Steve McDonald'],"Learn Photoshop quickly & easily. Master beginning Adobe Photoshop - from basics to advanced levels (PC, Mac, CS6, CC)",photography-and-video,Beginner,"(6,020)",4.6,True,https://www.udemy.com/course/photoshop-basics-for-beginners-learn-adobe-photoshop/
Video Editing in DaVinci Resolve 17: Beginner to Advanced,['Louay Zambarakji'],Learn Video Editing in DaVinci Resolve with Color Correction & Color Grading & Visual Effects in DaVinci Resolve 17,photography-and-video,All Levels,"(5,379)",4.6,True,https://www.udemy.com/course/davinci-resolve-15-course/
Affinity Photo: Solid Foundations,['Simon Foster'],The best selling beginners guide to Affinity Photo - complete with a 50 page PDF to aid your study!,photography-and-video,Beginner,"(4,824)",4.5,True,https://www.udemy.com/course/affinityphoto-solid-foundations/
Adobe Lightroom CC Photo Editing: Your Lightroom Masterclass,"['Phil Ebiner', 'Video School']",Learn how to make your photos look amazing with this Adobe Lightroom Classic CC and Lightroom CC photo editing course.,photography-and-video,All Levels,"(4,588)",4.6,True,https://www.udemy.com/course/adobe-lightroom-classic-cc-photo-editing-course/
Complete Filmmaker Guide: Become an Incredible Video Creator,['Julian Melanson'],Get 7 Years of Filmmaking Experience - Everything from Pre-Production to Editing - in 5 Hours,photography-and-video,Beginner,"(4,305)",4.3,True,https://www.udemy.com/course/incrediblevideocreator/
Your Road to Better Photography,['Corey Reese'],Photography Made Simple!,photography-and-video,Beginner,"(3,822)",4.3,True,https://www.udemy.com/course/your-road-to-better-photography/
Cinematography & Videography: Better Video with Any Camera,"['Phil Ebiner', 'William Carnahan', 'Video School']",Shoot better video by learning the video production techniques used by Hollywood filmmakers. And get paid to do it!,photography-and-video,All Levels,"(3,686)",4.3,True,https://www.udemy.com/course/online-cinematography-course-filmmaking-video-production-lighting/
Adobe Premiere Pro CC: Beginner Video Editing,['Brad Newton'],Learn video editing in Adobe Premiere Pro CC with zero experience.,photography-and-video,Beginner,"(3,395)",4.6,True,https://www.udemy.com/course/premiere-pro-with-brad-newton/
Mastering Architecture and Real Estate Photography,['Charlie Borland'],"Start a business photographing real estate photography jobs for architects, builders, and real estate agents",photography-and-video,All Levels,"(3,372)",4.5,True,https://www.udemy.com/course/mastering-architecture-and-real-estate-photography/
Digital Photography for Beginners with DSLR cameras,['Villiers Steyn'],Learn how to take stunning photographs by mastering both the technical and creative sides of digital photography.,photography-and-video,Beginner,"(3,288)",4.7,True,https://www.udemy.com/course/digital-photography-for-beginners-with-dslr-cameras/
IELTS Band 7+ Complete Prep Course,"['Keino Campbell', 'Esq.']",Major Keys to Success,teaching-and-academics,All Levels,"(31,831)",4.5,True,https://www.udemy.com/course/ielts-band-7-preparation-course/
Spanish for Beginners. The Complete Spanish Course. LEVEL 1.,['Peter Hanley'],"Learn Spanish with the complete, non-stop SPEAKING method, in a matter of weeks, not years.",teaching-and-academics,Beginner,"(21,521)",4.8,True,https://www.udemy.com/course/el-metodo-spanish-1/
English Grammar Launch: Upgrade your speaking and listening,['Anthony Kelleher'],"Learn English grammar through lectures and listening and speaking practice, so you can confidently speak English.",teaching-and-academics,Intermediate,"(19,466)",4.7,True,https://www.udemy.com/course/learn-english-grammar-upgrade-your-speaking-and-listening/
3 Minute French - Course 1 | Language lessons for beginners,['Kieran Ball'],Learn to speak French you can use in everyday real-world situations - all in just 3-minute chunks!,teaching-and-academics,Beginner,"(13,491)",4.7,True,https://www.udemy.com/course/3-minute-french-full-course-1/
English for Beginners: Intensive Spoken English Course,['Logus Online'],"English speaking course. 77 Hours of English language speaking, English listening practice. 1000 English language words",teaching-and-academics,Beginner,"(13,347)",4.4,True,https://www.udemy.com/course/complete-intensive-english-course-for-beginners/
Learn German Language: Complete German Course - Beginners,['AbcEdu Online'],"Learn German with a Native Teacher. Complete Course - German for Beginners (A1,A2,A2+) German Grammar, German Vocabulary",teaching-and-academics,All Levels,"(12,919)",4.4,True,https://www.udemy.com/course/german-course-for-beginners-learn-german/
Master Cognitive Biases and Improve Your Critical Thinking,['Kevin deLaplante'],Upgrade Your Mindware! Master Cognitive Biases and Learn New Strategies to Improve the Quality of Your Thinking,teaching-and-academics,All Levels,"(12,188)",4.5,True,https://www.udemy.com/course/upgrade-your-mindware/
Building Your English Brain,['Luke Priddy'],Learn to start thinking in English so that you can stop translating in your head and become fluent in English faster.,teaching-and-academics,All Levels,"(10,609)",4.6,True,https://www.udemy.com/course/building-your-english-brain/
Mastering IELTS Writing: Task 2 (Achieve Band 7+ in 7 Hours),['The IELTS Teacher'],Complete preparation to achieve the band score you need in IELTS Writing Task 2 (Academic and General Training).,teaching-and-academics,All Levels,"(9,647)",4.6,True,https://www.udemy.com/course/mastering-ielts-writing-task-2/
Become an Algebra Master,['Krista King'],"Learn everything from Algebra 1 and Algebra 2, then test your knowledge with 1,300+ practice questions",teaching-and-academics,All Levels,"(8,762)",4.7,True,https://www.udemy.com/course/integralcalc-algebra/
Become a Probability & Statistics Master,['Krista King'],"Learn everything from Probability & Statistics, then test your knowledge with 600+ practice questions",teaching-and-academics,All Levels,"(8,753)",4.6,True,https://www.udemy.com/course/statistics-probability/
Become a Calculus 1 Master,['Krista King'],"Learn everything from Calculus 1, then test your knowledge with 600+ practice questions",teaching-and-academics,All Levels,"(8,401)",4.7,True,https://www.udemy.com/course/calculus1/
"Spanish 1-4: Beginner, Elementary, Intermediate and Advanced",['Simple3 L'],"Learn Spanish with 323 lessons (109 hours of content) covering Beginner, Elementary, Intermediate and Advanced Spanish.",teaching-and-academics,All Levels,"(7,740)",4.3,True,https://www.udemy.com/course/spanish-101-beginning-spanish-spanish-for-beginners/
Level 1 Intelligence Analyst Certification,['Robert Folker'],Training in Critical Thinking & Descriptive Intelligence Analysis,teaching-and-academics,Beginner,"(7,735)",4.4,True,https://www.udemy.com/course/level-1-intelligence-analyst-certification/
Master the Fundamentals of Math,['Krista King'],"Learn everything from the basics of math, then test your knowledge with 510+ practice questions",teaching-and-academics,All Levels,"(7,719)",4.7,True,https://www.udemy.com/course/fundamentals-of-math/
spring Framework for Beginners with Spring Boot,['Navin Reddy'],"In this course, you will learn the highly demanded frameworks of enterprise world:  Spring Framework 5 with Spring Boot",teaching-and-academics,Beginner,"(7,582)",4.4,True,https://www.udemy.com/course/spring-5-with-spring-boot-2/
